House Committee on Agriculture,HSAG,Collin Peterson,Tim Holden,Mike McIntyre,Leonard Boswell,Joe Baca,Dennis Cardoza,David Scott,Jim Marshall,Stephanie Herseth_Sandlin,Henry Cuellar,Jim Costa,Brad Ellsworth,Tim Walz,Steve Kagen,Kurt Schrader,Debbie Halvorson,Kathy Dahlkemper,Eric Massa,Bobby Bright,Betsy Markey,Frank Kratovil,Mark Schauer,Larry Kissell,John Boccieri,Earl Pomeroy,Travis Childers,Walt Minnick,Frank Lucas,Bob Goodlatte,Jerry Moran,Tim V. Johnson,Sam Graves,Mike D. Rogers,Steve King,Randy Neugebauer,Michael Conaway,Jeff Fortenberry,Jean Schmidt,Adrian Smith,Robert Latta,Phil Roe,Blaine Luetkemeyer,Glenn Thompson,Bill Cassidy,Cynthia Lummis
"House Committee on Agriculture/Subcommittee on  Conservation, Credit, Energy, and Research",HSAG_ene,Tim Holden,Stephanie Herseth_Sandlin,Debbie Halvorson,Kathy Dahlkemper,Betsy Markey,Mark Schauer,Larry Kissell,John Boccieri,Mike McIntyre,Jim Costa,Brad Ellsworth,Tim Walz,Eric Massa,Bobby Bright,Frank Kratovil,Walt Minnick,Earl Pomeroy,Bob Goodlatte,Jerry Moran,Sam Graves,Mike D. Rogers,Steve King,Randy Neugebauer,Jean Schmidt,Adrian Smith,Robert Latta,Blaine Luetkemeyer,Glenn Thompson,Bill Cassidy
"House Committee on Agriculture/Subcommittee on Department Operations, Oversight, Nutrition and Forestry",HSAG_for,Joe Baca,Henry Cuellar,Steve Kagen,Kurt Schrader,Kathy Dahlkemper,Travis Childers,Jeff Fortenberry,Steve King,Jean Schmidt,Cynthia Lummis
House Committee on Agriculture/Subcommittee on General Farm Commodities and Risk Management,HSAG_gfc,Leonard Boswell,Jim Marshall,Brad Ellsworth,Tim Walz,Kurt Schrader,Stephanie Herseth_Sandlin,Betsy Markey,Larry Kissell,Debbie Halvorson,Earl Pomeroy,Travis Childers,Jerry Moran,Tim V. Johnson,Sam Graves,Steve King,Mike Conaway,Robert Latta,Blaine Luetkemeyer
House Committee on Agriculture/Subcommittee on Horticulture and Organic Agriculture,HSAG_bzz,Dennis Cardoza,Eric Massa,Jim Costa,Kurt Schrader,Frank Kratovil,Jean Schmidt,Jerry Moran,Tim V. Johnson,Cynthia Lummis
"House Committee on Agriculture/Subcommittee on Livestock, Dairy, and Poultry ",HSAG_ldp,David Scott,Jim Costa,Steve Kagen,Frank Kratovil,Tim Holden,Leonard Boswell,Joe Baca,Dennis Cardoza,Betsy Markey,Walt Minnick,Randy Neugebauer,Bob Goodlatte,Mike D. Rogers,Steve King,Michael Conaway,Adrian Smith,Phil Roe
"House Committee on Agriculture/Subcommittee on Rural Development, Biotechnology, Specialty Crops, and Foreign Agriculture",HSAG_bio,Mike McIntyre,Bobby Bright,Jim Marshall,Henry Cuellar,Larry Kissell,Walt Minnick,Michael Conaway,Phil Roe,Glenn Thompson,Bill Cassidy
House Committee on Appropriations,HSAP,David Obey,John Murtha,Norm Dicks,Alan Mollohan,Marcy Kaptur,Peter Visclosky,Nita Lowey,Jose Serrano,Rosa DeLauro,Jim Moran,John Olver,Ed Pastor,David Price,Chet Edwards,Patrick Kennedy,Maurice Hinchey,Lucille Roybal-Allard,Sam Farr,Jesse Jackson Jr.,Carolyn Kilpatrick,Allen Boyd,Chaka Fattah,Steven Rothman,Sanford Bishop,Marion Berry,Barbara Lee,Adam Schiff,Michael Honda,Betty McCollum,Steve Israel,Tim Ryan,Dutch Ruppersberger,Ben Chandler,Debbie Wasserman_Schultz,Ciro D. Rodriguez,Lincoln Davis,John Salazar,Jerry Lewis,Bill Young,Hal Rogers,Frank Wolf,Jack Kingston,Rodney Frelinghuysen,Todd Tiahrt,Zach Wamp,Tom Latham,Robert Aderholt,Jo Ann Emerson,Kay Granger,Mike Simpson,John Culberson,Mark Kirk,Ander Crenshaw,Dennis Rehberg,John Carter,Rodney Alexander,Ken Calvert,Jo Bonner,Steven LaTourette,Tom Cole,,,,,,, ,, 
"House Committee on Appropriations/Subcommittee on Agriculture, Rural Development, Food and Drug Administration, and Related Agencies",HSAP_fda,Rosa DeLauro,Sam Farr,Allen Boyd,Sanford Bishop,Lincoln Davis,Marcy Kaptur,Maurice Hinchey,Jesse Jackson Jr.,Dave Obey,Jack Kingston,Tom Latham,Jo Ann Emerson,Rodney Alexander,Jerry Lewis
"House Committee on Appropriations/Subcommittee on Commerce, Justice and Science, and Related Agencies",HSAP_com,Alan Mollohan,Patrick Kennedy,Chaka Fattah,Adam Schiff,Mike Honda,Dutch Ruppersberger,Peter Visclosky,Jose Serrano,Dave Obey,Frank Wolf,John Culberson,Robert Aderholt,Jo Bonner,Jerry Lewis
House Committee on Appropriations/Subcommittee on Defense,HSAP_def,John Murtha,Norm Dicks,Peter Visclosky,Jim Moran,Marcy Kaptur,Allen Boyd,Steven Rothman,Sanford Bishop,Maurice Hinchey,Carolyn Kilpatrick,Dave Obey,Bill Young,Rodney Frelinghuysen,Todd Tiahrt,Jack Kingston,Kay Granger,Harold Rogers,Jerry Lewis
House Committee on Appropriations/Subcommittee on Energy and Water Development,HSAP_ene,Peter Visclosky,Chet Edwards,Ed Pastor,Marion Berry,Chaka Fattah,Steve Israel,Tim Ryan,John Olver,Lincoln Davis,John T. Salazar,Dave Obey,Rodney Frelinghuysen,Zach Wamp,Mike Simpson,Dennis Rehberg,Ken Calvert,Rodney Alexander,Jerry Lewis
House Committee on Appropriations/Subcommittee on Financial Services,HSAP_fin,Jose Serrano,Debbie Wasserman_Schultz,Rosa L. DeLauro,Chet Edwards,Allen Boyd,Chaka Fattah,Barbara Lee,Adam Schiff,Dave Obey,Jo Ann Emerson,John Culberson,Mark Kirk,Ander Crenshaw,Jerry Lewis
House Committee on Appropriations/Subcommittee on Homeland Security,HSAP_dhs,David Price,Jose Serrano,Ciro D. Rodriguez,Dutch Ruppersberger,Alan Mollohan,Nita Lowey,Lucille Roybal-Allard,Sam Farr,Steven Rothman,Dave Obey,Harold Rogers,John Carter,John Abney Culberson,Mark Steven Kirk,Ken Calvert,Jerry Lewis
"House Committee on Appropriations/Subcommittee on Interior, Environment and Related Agencies",HSAP_doi,Norm Dicks,Jim Moran,Alan Mollohan,Ben Chandler,Maurice Hinchey,John Olver,Ed Pastor,David Price,Dave Obey,Michael Simpson,Ken Calvert,Steven LaTourette,Tom Cole,Jerry Lewis
"House Committee on Appropriations/Subcommittee on Labor, Health and Human Services, Education, and Related Agencies",HSAP_hhs,David Obey,Nita Lowey,Rosa DeLauro,Jesse Jackson Jr.,Patrick Kennedy,Lucille Roybal-Allard,Barbara Lee,Mike Honda,Betty McCollum,Tim Ryan,James Moran,Todd Tiahrt,Dennis Rehberg,Rodney Alexander,Jo Bonner,Tom Cole,Jerry Lewis
House Committee on Appropriations/Subcommittee on Legislative Branch,HSAP_leg,Debbie Wasserman_Schultz,Mike Honda,Betty McCollum,Tim Ryan,Dutch Ruppersberger,Ciro Rodriguez,Dave Obey,Robert Aderholt,Steven LaTourette,Tom Cole,Jerry Lewis
"House Committee on Appropriations/Subcommittee on Military Construction, Veterans' Affairs and Related Agencies",HSAP_dva,Chet Edwards,Sam Farr,John Salazar,Norm Dicks,Patrick Kennedy,Sanford Bishop,Marion Berry,Steve Israel,Dave Obey,Zach Wamp,Ander Crenshaw,Bill Young,John Carter,Jerry Lewis
"House Committee on Appropriations/Subcommittee on Transportation, Housing and Urban Development, and Related Agencies",HSAP_hud,John Olver,Ed Pastor,Ciro D. Rodriguez,Marcy Kaptur,David Price,Lucille Roybal-Allard,Marion Berry,Carolyn Kilpatrick,Dave Obey,Tom Latham,Frank Wolf,John Carter,Steven LaTourette,Jerry Lewis
"House Committee on Appropriations/Subcommittee on State, Foreign Operations, and Related Programs",HSAP_sta,Nita Lowey,Jesse Jackson Jr.,Adam Schiff,Steve Israel,Ben Chandler,Steven Rothman,Barbara Lee,Betty McCollum,Dave Obey,Kay Granger,Mark Kirk,Ander Crenshaw,Dennis Rehberg,Jerry Lewis
House Committee on Armed Services,HSAS,Ike Skelton,John Spratt,Solomon Ortiz,Gene Taylor,Neil Abercrombie,Silvestre Reyes,Vic Snyder,Adam Smith,Loretta Sanchez,Mike McIntyre,Ellen Tauscher,Robert Brady,Rob Andrews,Susan Davis,Jim Langevin,Rick Larsen,Jim Cooper,Jim Marshall,Madeleine Bordallo,Brad Ellsworth,Patrick Murphy,Hank Johnson,Carol Shea-Porter,Joe Courtney,David Loebsack,Joe Sestak,Gabrielle Giffords,Niki Tsongas,Glenn Nye,Chellie Pingree,Larry Kissell,Martin Heinrich,Frank Kratovil,Eric Massa,Bobby Bright,John McHugh,Roscoe Bartlett,Buck McKeon,Mac Thornberry,Walter Jones,Todd Akin,Randy Forbes,Jeff Miller,Joe Wilson,Frank LoBiondo,Rob Bishop,Michael R. Turner,John Kline,Mike Rogers,Trent Franks,Bill Shuster,Cathy McMorris-Rodgers,Michael Conaway,Doug Lamborn,Rob Wittman,Mary Fallin,Duncan D. Hunter,John Fleming,Mike Coffman,Tom Rooney
House Committee on Armed Services/Subcommittee on Air and Land Forces,HSAS_alf,Neil Abercrombie,John Spratt,Silvestre Reyes,Adam Smith,Mike McIntyre,Ellen Tauscher,Robert Brady,Jim Cooper,Jim Marshall,Joe Sestak,Gabrielle Giffords,Niki Tsongas,Larry Kissell,Frank Kratovil,Eric Massa,Bobby Bright,Roscoe Bartlett,Cathy McMorris-Rodgers,Mary Fallin,Duncan D. Hunter,John Fleming,Mike Coffman,Buck McKeon,Todd Akin,Jeff Miller,Joe Wilson,Frank LoBiondo,Rob Bishop,Michael Turner
House Committee on Armed Services/Subcommittee on Readiness,HSAS_rdi,Solomon Ortiz,Gene Taylor,Neil Abercrombie,Silvestre Reyes,Jim Marshall,Madeleine Bordallo,Hank Johnson,Carol Shea-Porter,Joe Courtney,David Loebsack,Gabrielle Giffords,Glenn Nye,Larry Kissell,Martin Heinrich,Frank Kratovil,Bobby Bright,Randy Forbes,Rob Bishop,Mike Rogers,Trent Franks,Bill Shuster,Cathy McMorris-Rodgers,Michael Conaway,Doug Lamborn,Robert Wittman,Mary Fallin,John Fleming,Frank LoBiondo
House Committee on Armed Services/Subcommittee on Seapower and Expeditionary Forces,HSAS_sea,Gene Taylor,Solomon Ortiz,James R. Langevin,Rick Larsen,Brad Ellsworth,Joe Courtney,Joe Sestak,Glenn Nye,Chellie Pingree,Eric Massa,Todd Akin,Robert Wittman,Roscoe Bartlett,Randy Forbes,Duncan Hunter,Mike Coffman,Tom Rooney
House Committee on Armed Services/Oversight and Investigations Subcommittee,HSAS_osi,Vic Snyder,John Spratt,Loretta Sanchez,Ellen Tauscher,Susan Davis,Jim Cooper,Joe Sestak,Glenn Nye,Chellie Pingree,Rob Wittman,Walter Jones,Mike Rogers,Trent Franks,Cathy McMorris-Rodgers,Doug Lamborn,Duncan D. Hunter
"House Committee on Armed Services/Subcommittee on Terrorism, Unconventional Threats and Capabilities",HSAS_ter,Adam Smith,Mike McIntyre,Rob Andrews,James R. Langevin,Jim Cooper,Jim Marshall,Brad Ellsworth,Patrick Murphy,Bobby Bright,Jeff Miller,Frank LoBiondo,John Kline,Bill Shuster,Michael Conaway,Tom Rooney,Mac Thornberry
House Committee on Armed Services/Strategic Forces Subcommittee ,HSAS_stf,Ellen Tauscher,John Spratt,Loretta Sanchez,Rob Andrews,James Langevin,Rick Larsen,Martin Heinrich,Michael Turner,Howard P. McKeon,Mac Thornberry,Trent Franks,Doug Lamborn
House Committee on Armed Services/Military Personnel Subcommittee,HSAS_mip,Susan Davis,Vic Snyder,Loretta Sanchez,Madeleine Bordallo,Patrick Murphy,Hank Johnson,Carol Shea-Porter,David Loebsack,Niki Tsongas,Joe Wilson,Walter Jones,John Kline,Tom Rooney,Robert Wittman,Mary Fallin,John Fleming
House Committee on the Budget,HSBU,John Spratt,Allyson Schwartz,Marcy Kaptur,Xavier Becerra,Lloyd Doggett,Earl Blumenauer,Marion Berry,Allen Boyd,Jim McGovern,Niki Tsongas,Bob Etheridge,Betty McCollum,Charlie Melancon,John Yarmuth,Rob Andrews,Rosa DeLauro,Chet Edwards,Bobby Scott,Jim Langevin,Rick Larsen,Timothy Bishop,Gwen Moore,Gerry Connolly,Kurt Schrader,Paul Ryan,Scott Garrett,Mario Diaz-Balart,Jeb Hensarling,Mike Simpson,Patrick McHenry,Connie Mack,John Campbell,Jim Jordan,Devin Nunes,Robert Aderholt,Cynthia Lummis,Steve Austria,Gregg Harper
House Committee on Education and Labor,HSED,George Miller,Dale Kildee,Donald Payne,Rob Andrews,Robert Scott,Lynn Woolsey,Ruben Hinojosa,Carolyn McCarthy,John Tierney,Dennis Kucinich,David Wu,Rush Holt,Susan Davis,Raul Grijalva,Timothy Bishop,Joe Sestak,David Loebsack,Mazie Hirono,Jason Altmire,Phil Hare,Yvette Clarke,Joe Courtney,Carol Shea-Porter,Marcia Fudge,Jared Polis,Paul Tonko,Pedro Pierluisi,Dina Titus,Gregorio Sablan,Buck McKeon,Tom Petri,Pete Hoekstra,Mike Castle,Mark Souder,Vernon Ehlers,Judy Biggert,Todd Platts,Joe Wilson,John Kline,Cathy McMorris-Rodgers,Tom Price,Rob Bishop,Brett Guthrie,Bill Cassidy,Thomas McClintock,Duncan D. Hunter,Phil Roe,Glenn Thompson
"House Committee on Education and Labor/Subcommittee on Early Childhood, Elementary and Secondary Education",HSED_kid,Dale Kildee,Donald Payne,Bobby Scott,Rush Holt,Susan Davis,Raul Grijalva,Joe Sestak,David Loebsack,Mazie Hirono,Jared Polis,Pedro Pierluisi,Gregorio Sablan,Lynn Woolsey,Ruben Hinojosa,Dennis Kucinich,Jason Altmire,Dina Titus,Mike Castle,Tom Petri,Pete Hoekstra,Mark Souder,Vernon Ehlers,Judy Biggert,Todd Platts,Cathy McMorris-Rodgers,Rob Bishop,Bill Cassidy,Thomas McClintock,Duncan D. Hunter
House Committee on Education and Labor/Subcommittee on Healthy Families and Communities,HSED_hfc,Carolyn McCarthy,Yvette Clarke,Robert Scott,Carol Shea-Porter,Paul Tonko,Jared Polis,George Miller,Todd Platts,Buck McKeon,Brett Guthrie,Phil Roe,Glenn Thompson
"House Committee on Education and Labor/Subcommittee on Higher Education, Lifelong Learning and Competitiveness",HSED_hed,Ruben Hinojosa,Timothy Bishop,Jason Altmire,Joe Courtney,Paul Tonko,Dina Titus,Rob Andrews,John Tierney,David Wu,Susan Davis,Mazie Hirono,Marcia Fudge,Jared Polis,Pedro Pierluisi,Brett Guthrie,Buck McKeon,Mike Castle,Mark Souder,Vernon Ehlers,Judy Biggert,Bill Cassidy,Phil Roe,Glenn Thompson
"House Committee on Education and Labor/Subcommittee on Health, Employment, Labor, and Pensions",HSED_hel,Rob Andrews,David Wu,Phil Hare,John Tierney,Dennis Kucinich,Marcia Fudge,Dale Kildee,Carolyn McCarthy,Rush Holt,Joe Sestak,David Loebsack,Yvette Clarke,Joe Courtney,John Kline,Joe Wilson,Cathy McMorris-Rodgers,Tom Price,Brett Guthrie,Thomas McClintock,Duncan D. Hunter,Phil Roe
House Committee on Education and Labor/Subcommittee on Workforce Protections,HSED_wfp,Lynn Woolsey,Carol Shea-Porter,Donald Payne,Raul Grijalva,Timothy Bishop,Phil Hare,Gregorio Sablan,Tom Price,Pete Hoekstra,Joe Wilson,John Kline
House Committee on Energy and Commerce,HSIF,Henry Waxman,John Dingell,Edward Markey,Rick Boucher,Frank Pallone,Bart Gordon,Bobby Rush,Anna Eshoo,Bart Stupak,Eliot Engel,Gene Green,Diana DeGette,Lois Capps,Mike Doyle,Jane Harman,Jan Schakowsky,Charles Gonzalez,Jay Inslee,Tammy Baldwin,Mike Ross,Anthony Weiner,Jim Matheson,G.K. Butterfield,Charlie Melancon,John Barrow,Baron Hill,Doris Matsui,Donna Christensen,Kathy Castor,John Sarbanes,Christopher Murphy,Zack Space,Jerry McNerney,Betty Sutton,Bruce Braley,Peter Welch,Joe Barton,Ralph M. Hall,Fred Upton,Cliff Stearns,Nathan Deal,Ed Whitfield,John Shimkus,John B. Shadegg,Roy Blunt,Steve Buyer,George Radanovich,Joe Pitts,Mary Bono_Mack,Greg Walden,Lee Terry,Mike Rogers,Sue Myrick,John Sullivan,Tim Murphy,Michael Burgess,Marsha Blackburn,Phil Gingrey,Steve Scalise
House Committee on Energy and Commerce/Subcommittee on Energy and Environment,HSIF_env,Edward Markey,Mike Doyle,Jay Inslee,G.K. Butterfield,Charlie Melancon,Baron Hill,Doris Matsui,Jerry McNerney,Peter Welch,John Dingell,Rick Boucher,Frank Pallone,Eliot Engel,Gene Green,Lois Capps,Jane Harman,Charles Gonzalez,Tammy Baldwin,Mike Ross,Jim Matheson,John Barrow,Henry Waxman,Fred Upton,Ralph Hall,Cliff Stearns,Ed Whitfield,John Shimkus,John Shadegg,Roy Blunt,Joe Pitts,Mary Bono_Mack,Greg Walden,John Sullivan,Michael Burgess,Steve Scalise,Joe Barton
"House Committee on Energy and Commerce/Subcommittee on Communications, Technology, and the Internet",HSIF_cti,Rick Boucher,Ed Markey,Bart Gordon,Bobby Rush,Anna Eshoo,Bart Stupak,Diana DeGette,Mike Doyle,Jay Inslee,Anthony Weiner,G. K. Butterfield,Charlie Melancon,Baron Hill,Doris Matsui,Donna Christensen,Kathy Castor,Christopher S. Murphy,Zack Space,Jerry McNerney,Peter Welch,John Dingell,Henry Waxman,Cliff Stearns,Fred Upton,Nathan Deal,John Shimkus,John Shadegg,Roy Blunt,Steve Buyer,George Radanovich,Mary Bono_Mack,Greg Walden,Lee Terry,Mike Rogers,Marsha Blackburn,Joe Barton
House Committee on Energy and Commerce/Subcommittee on Health,HSIF_hth,Frank Pallone,John Dingell,Bart Gordon,Anna Eshoo,Eliot Engel,Gene Green,Diana DeGette,Lois Capps,Jan Schakowsky,Tammy Baldwin,Mike Ross,Anthony Weiner,Jim Matheson,Jane Harman,Charles A. Gonzalez,John Barrow,Donna M. Christensen,Kathy Castor,John P. Sarbanes,Christopher S. Murphy,Zack Space,Betty Sutton,Bruce L. Braley,Henry Waxman,Nathan Deal,Ralph Hall,Ed Whitfield,John Shimkus,John Shadegg,Roy Blunt,Steve Buyer,Joe Pitts,Mike Rogers,Sue Myrick,Tim Murphy,Michael Burgess,Marsha Blackburn,Phil Gingrey,Joe Barton
"House Committee on Energy and Commerce/Subcommittee on Commerce, Trade, and Consumer Protection",HSIF_ctc,Bobby Rush,Jan Schakowsky,John Sarbanes,Betty Sutton,Frank Pallone,Bart Gordon,Bart Stupak,Gene Green,Charles Gonzalez,Anthony Weiner,Jim Matheson,G.K. Butterfield,John Barrow,Doris Matsui,Kathy Castor,Zack Space,Bruce Braley,Diana DeGette,John Dingell,Henry Waxman,George Radanovich,Cliff Stearns,Ed Whitfield,Joe Pitts,Mary Bono_Mack,Lee Terry,Sue Myrick,John Sullivan,Tim Murphy,Phil Gingrey,Steve Scalise,Joe Barton,,,, ,, 
House Committee on Energy and Commerce/Subcommittee on Oversight and Investigations,HSIF_osi,Bart Stupak,Bruce Braley,Ed Markey,Diana DeGette,Mike Doyle,Jan Schakowsky,Mike Ross,Donna Christensen,Peter Welch,Gene Green,Betty Sutton,John Dingell,Henry Waxman,Greg Walden,Nathan Deal,George Radanovich,John Sullivan,Michael Burgess,Marsha Blackburn,Phil Gingrey,Joe Barton
House Committee on Standards of Official Conduct,HSSO,Zoe Lofgren,Ben Chandler,G.K. Butterfield,Kathy Castor,Peter Welch,Jo Bonner,Gresham Barrett,John Kline,Mike Conaway,Charlie Dent
House Committee on Financial Services,HSBA,Barney Frank,Paul Kanjorski,Maxine Waters,Carolyn Maloney,Luis Gutierrez,Nydia Velazquez,Melvin Watt,Gary Ackerman,Brad Sherman,Gregory Meeks,Dennis Moore,Michael Capuano,RubÃ©n Hinojosa,William Clay,Carolyn McCarthy,Joe Baca,Stephen Lynch,Brad Miller,David Scott,Al Green,Emanuel Cleaver,Melissa Bean,Gwen Moore,Paul Hodes,Keith Ellison,Ron Klein,Charles Wilson,Ed Perlmutter,Joe Donnelly,Bill Foster,Andre Carson,Jackie Speier,Travis Childers,Walt Minnick,John Adler,Mary Jo Kilroy,Steven Driehaus,Suzanne Kosmas,Alan Grayson,Jim Himes,Gary Peters,Dan Maffei,Spencer Bachus,Mike Castle,Peter King,Edward Royce,Frank Lucas,Ron Paul,Donald Manzullo,Walter Jones,Judy Biggert,Gary Miller,Shelley Moore Capito,Jeb Hensarling,Scott Garrett,Gresham Barrett,Jim Gerlach,Randy Neugebauer,Tom Price,Patrick McHenry,John Campbell,Adam Putnam,Michele Bachmann,Kenny Marchant,Thaddeus McCotter,Kevin McCarthy,Bill Posey,Lynn Jenkins,Christopher Lee,Erik Paulsen,Leonard Lance
"House Committee on Financial Services/Subcommittee on Capital Markets, Insurance, and Government Sponsored Enterprises",HSBA_cap,Paul Kanjorski,Gary Ackerman,Brad Sherman,Michael Capuano,Ruben Hinojosa,Carolyn McCarthy,Joe Baca,Stephen Lynch,Brad Miller,David Scott,Nydia Velazquez,Carolyn Maloney,Melissa Bean,Gwen Moore,Paul Hodes,Ron Klein,Ed Perlmutter,Joe Donnelly,Andre Carson,Jackie Speier,Travis Childers,Charles Wilson,Bill Foster,Walt Minnick,John Adler,Mary Jo Kilroy,Suzanne Kosmas,Alan Grayson,Jim Himes,Gary Peters,Scott Garrett,Tom Price,Mike Castle,Peter King,Frank Lucas,Donald Manzullo,Ed Royce,Judy Biggert,Shelley Moore Capito,Jeb Hensarling,Adam Putnam,Gresham Barrett,Jim Gerlach,John Campbell,Michele M. Bachmann,Thaddeus McCotter,Randy Neugebauer,Kevin McCarthy,Bill Posey,Lynn Jenkins
House Committee on Financial Services/Subcommittee on Financial Institutions and Consumer Credit,HSBA_fic,Luis Gutierrez,Carolyn Maloney,Mel Watt,Gary Ackerman,Brad Sherman,Dennis Moore,Paul Kanjorski,Maxine Waters,Ruben Hinojosa,Carolyn McCarthy,Joe Baca,Al Green,William Lacy Clay,Brad Miller,David Scott,Emanuel Cleaver,Melissa Bean,Paul Hodes,Keith Ellison,Ron Klein,Charles Wilson,Gregory Meeks,Bill Foster,Ed Perlmutter,Jackie Speier,Travis Childers,Walt Minnick,Jeb Hensarling,Gresham Barrett,Mike Castle,Peter King,Ed Royce,Walter Jones,Shelley Moore Capito,Scott Garrett,Jim Gerlach,Randy Neugebauer,Tom Price,Patrick McHenry,John Campbell,Kevin McCarthy,Kenny Marchant,Christopher Lee,Erik Paulsen,Leonard Lance
House Committee on Financial Services/Subcommittee on Housing and Community Opportunity,HSBA_hco,Maxine Waters,Nydia Velazquez,Stephen Lynch,Emanuel Cleaver,Al Green,William Lacy Clay,Keith Ellison,Joe Donnelly,Michael Capuano,Paul Kanjorski,Luis Gutierrez,Steve Driehaus,Mary Jo Kilroy,Jim Himes,Dan Maffei,Shelley Moore Capito,Thaddeus McCotter,Judy Biggert,Gary Miller,Randy Neugebauer,Walter Jones,Adam Putnam,Kenny Marchant,Lynn Jenkins,Christopher Lee
House Committee on Financial Services/Subcommittee on Domestic Monetary Policy and Technology,HSBA_dmp,Melvin Watt,Carolyn Maloney,Gregory Meeks,William Lacy Clay,Brad Sherman,Al Green,Emanuel Cleaver,Keith Ellison,John Adler,Suzanne Kosmas,Ron Paul,Mike Castle,Frank Lucas,Jim Gerlach,Tom Price,Bill Posey,Leonard Lance
House Committee on Financial Services/Subcommittee on International Monetary Policy and Trade,HSBA_imp,Gregory Meeks,Luis Gutierrez,Maxine Waters,Melvin Watt,Gwen Moore,Andre Carson,Steve Driehaus,Gary Peters,Dan Maffei,Gary Miller,Edward Royce,Ron Paul,Donald Manzullo,Michele Bachmann,Erik Paulsen
House Committee on Financial Services/Subcommittee on Oversight and Investigations,HSBA_osi,Dennis Moore,Stephen Lynch,Ron Klein,Jackie Speier,Gwen Moore,John Adler,Mary Jo Kilroy,Steve Driehaus,Alan Grayson,Judy Biggert,Patrick McHenry,Ron Paul,Michele M. Bachmann,Christopher Lee,Erik Paulsen, 
House Committee on Foreign Affairs,HSFA,Howard Berman,Gary Ackerman,Eni Faleomavaega,Donald Payne,Brad Sherman,Robert Wexler,Eliot Engel,Bill Delahunt,Greg Meeks,Diane Watson,Russ Carnahan,Albio Sires,Gerald Connolly,Michael McMahon,John Tanner,Gene Green,Sheila Jackson_Lee,Barbara Lee,Shelley Berkley,Joseph Crowley,Mike Ross,Brad Miller,David Scott,Jim Costa,Keith Ellison,Gabrielle Giffords,Ron Klein,Ileana Ros-Lehtinen,Christopher Smith,Dan Burton,Elton Gallegly,Dana Rohrabacher,Donald Manzullo,Edward Royce,Ron Paul,Jeff Flake,Mike Pence,Joe Wilson,John Boozman,Gresham Barrett,Connie Mack,Jeff Fortenberry,Michael McCaul,Ted Poe,Bob Inglis,Gus Bilirakis
House Committee on Foreign Affairs/Subcommittee on Africa and Global Health,HSFA_afr,Donald Payne,Diane Watson,Barbara Lee,Brad Miller,Greg Meeks,Sheila Jackson_Lee,Chris Smith,Jeff Flake,John Boozman,Jeff Fortenberry
"House Committee on Foreign Affairs/Subcommittee on Asia, the Pacific, and the Global Environment",HSFA_pac,Eni Faleomavaega,Gary Ackerman,Diane Watson,Mike Ross,Brad Sherman,Eliot Engel,Greg Meeks,Don Manzullo,Bob Inglis,Dana Rohrabacher,Ed Royce,Jeff Flake
House Committee on Foreign Affairs/Subcommittee on Europe,HSFA_eur,Robert Wexler,John Tanner,Bill Delahunt,Albio Sires,Michael McMahon,Shelley Berkley,Brad Miller,David Scott,Jim Costa,Elton Gallegly,Gus Bilirakis,Joe Wilson,Ted Poe,John Boozman,Bob Inglis,Gresham Barrett
"House Committee on Foreign Affairs/Subcommittee on Terrorism, Nonproliferation, and Trade",HSFA_ter,Brad Sherman,Gerald Connolly,David Scott,Diane Watson,Michael McMahon,Sheila Jackson_Lee,Ron Klein,Ed Royce,Ted Poe,Donald Manzullo,John Boozman,Gresham Barrett
"House Committee on Foreign Affairs/Subcommittee on International Organizations, Human Rights, and Oversight",HSFA_hro,Bill Delahunt,Russ Carnahan,Keith Ellison,Donald Payne,Robert Wexler,Dana Rohrabacher,Ron Paul,Ted Poe
House Committee on Foreign Affairs/Subcommittee on the Middle East and South Asia,HSFA_mde,Gary Ackerman,Russ Carnahan,Michael McMahon,Sheila Jackson_Lee,Shelley Berkley,Joseph Crowley,Mike Ross,Jim Costa,Keith Ellison,Ron Klein,Brad Sherman,Robert Wexler,Eliot Engel,Gerald Connolly,Gene Green,Dan Burton,Mike Pence,Joe Wilson,Gresham Barrett,Jeff Fortenberry,Michael T. McCaul,Bob Inglis,Gus Bilirakis,Dana Rohrabacher,Edward Royce
House Committee on Foreign Affairs/Subcommittee on the Western Hemisphere,HSFA_whe,Eliot Engel,Greg Meeks,Albio Sires,Gene Green,Gabrielle Giffords,Eni Faleomavaega,Donald Payne,John Tanner,Barbara Lee,Joseph Crowley,Ron Klein,Connie Mack,Michael McCaul,Chris Smith,Dan Burton,Elton Gallegly,Ron Paul,Jeff Fortenberry,Gus Bilirakis
House Select Committee on Energy Independence and Global Warming,HSGW,Ed Markey,Earl Blumenauer,Jay Inslee,John Larson,Stephanie Herseth_Sandlin,Emanuel Cleaver,John Hall,John Salazar,Jackie Speier,James Sensenbrenner,John Shadegg,Candice Miller,John Sullivan,Marsha Blackburn,Shelley Capito
House Permanent Select Committee on Intelligence,HSIG,Silvestre Reyes,Alcee L. Hastings,Anna G. Eshoo,Rush D. Holt,Dutch Ruppersberger,John F. Tierney,Mike Thompson,Jan Schakowsky,James R. Langevin,Patrick J. Murphy,Adam B. Schiff,Adam Smith,Dan Boren,Peter Hoekstra,Elton Gallegly,Mac Thornberry,Mike Rogers,Sue Wilkins Myrick,Roy Blunt,Jeff Miller,John Kline,K. Michael Conaway
House Committee on Rules,HSRU,Louise Slaughter,James McGovern,Alcee Hastings,Doris Matsui,Dennis Cardoza,Michael Arcuri,Peter Welch,Ed Perlmutter,Chellie Pingree,Jared Polis,David Dreier,Lincoln Diaz-Balart,Pete Sessions,Virginia Foxx
House Committee on Rules/Subcommittee on Legislative and Budget Process,HSRU_lbp,Alcee Hastings,Dennis Cardoza,Chellie Pingree,Jared Polis ,Louise M. Slaughter
House Committee on Rules/Subcommittee on Rules and Organization of the House,HSRU_roh,James McGovern,Doris Matsui,Michael Arcuri,Ed Perlmutter ,Louise M. Slaughter,Pete Sessions,Virginia Foxx 
House Committee on the Judiciary,HSJU,John Conyers,Howard L. Berman,Rick Boucher,Jerrold Nadler,Robert C. Scott,Melvin L. Watt,Zoe Lofgren,Sheila Jackson_Lee,Maxine Waters,Bill Delahunt,Tammy Baldwin,William D. Delahunt,Robert Wexler,Steve Cohen,Hank Johnson,Pedro R. Pierluisi,Luis Gutierrez,Brad Sherman,Tammy Baldwin,Charles Gonzalez,Anthony D. Weiner,Adam B. Schiff,Linda T. Sanchez,Debbie Wasserman_Schultz,Dan Maffei,Lamar S. Smith,Jim Sensenbrenner,Howard Coble,Elton Gallegly,Bob Goodlatte,Dan Lungren,Ted Poe,Darrell Issa,J. Randy Forbes,Steve King,Trent Franks,Louie Gohmert,Jim Jordan,Ted Poe,Jason Chaffetz,Tom Rooney,Gregg Harper
House Committee on the Judiciary/Subcommittee on Courts and Competition Policy,HSJU_ccp,Hank Johnson,John Conyers,Rick Boucher,Robert Wexler,Charles Gonzalez,Sheila Jackson_Lee,Mel Watt,Brad Sherman,Howard Coble,Jason Chaffetz,James Sensenbrenner,Bob Goodlatte,Darrell Issa,Gregg Harper
"House Committee on the Judiciary/Subcommittee on the Constitution, Civil Rights, and Civil Liberties",HSJU_ccc,Jerrold Nadler,Mel Watt,David Scott,William D. Delahunt,Hank Johnson,Tammy Baldwin,John Conyers,Steve Cohen,Brad Sherman,Sheila Jackson_Lee,James Sensenbrenner,Tom Rooney,Steve King,Trent Franks,Louie Gohmert,Jim Jordan
House Committee on the Judiciary/Subcommittee on Commercial and Administrative Law,HSJU_cal,Steve Cohen,William D. Delahunt,Mel Watt,Brad Sherman,Dan Maffei,Zoe Lofgren,Hank Johnson,Robert C. Scott,John Conyers,Trent Franks,Jim Jordan,Howard Coble,Darrell Issa,Randy Forbes,Steve King
"House Committee on the Judiciary/Subcommittee on Crime, Terrorism, and Homeland Security",HSJU_cth,David Scott,Pedro Pierluisi,Jerrold Nadler,Zoe Lofgren,Sheila Jackson_Lee,Maxine Waters,Steve Cohen,Anthony D. Weiner,Debbie Wasserman_Schultz,Louie Gohmert,Ted Poe,Bob Goodlatte,Dan Lungren,Randy Forbes,Tom Rooney
"House Committee on the Judiciary/Subcommittee on Immigration, Citizenship, Refugees, Border Security, and International Law",HSJU_imi,Zoe Lofgren,Howard Berman,Sheila Jackson_Lee,Maxine Waters,Pedro Pierluisi,Luis Gutierrez,Linda Sanchez,Anthony D. Weiner,Charles Gonzalez,William D. Delahunt,Steve King,Gregg Harper,Elton Gallegly,Dan Lungren,Ted Poe,Jason Chaffetz
House Committee on Veterans' Affairs ,HSVR,Bob Filner,Corrine Brown,Vic Snyder,Michael Michaud,Stephanie Herseth_Sandlin,Harry Mitchell,John Hall,Debbie Halvorson,Tom Perriello,Harry Teague,Joe Donnelly,Ciro Rodriguez,Jerry McNerney,Zack Space,Tim Walz,John Adler,Ann Kirkpatrick,Glenn Nye,Steve Buyer,Cliff Stearns,Jerry Moran,Henry Brown Jr.,Jeff Miller,John Boozman,Brian Bilbray,Doug Lamborn,Gus Bilirakis,Vern Buchanan,Phil Roe
House Committee on Veterans' Affairs/Subcommittee on Disability Assistance and Memorial ,HSVR_dam,John Hall,Debbie Halvorson,Joe Donnelly,Ciro Rodriguez,Ann Kirkpatrick,Doug Lamborn,Jeff Miller,Brian Bilbray
House Committee on Veterans' Affairs/Subcommittee on Economic Opportunity,HSVR_eop,Stephanie Herseth_Sandlin,Tom Perriello,John Adler,Ann Kirkpatrick,Harry Teague,John Boozman,Jerry Moran,Gus Bilirakis
House Committee on Veterans' Affairs/Subcommittee on Health,HSVR_hea,Michael Michaud,Corrine Brown,Vic Snyder,Harry Teague,Ciro D. Rodriguez,Joe Donnelly,Jerry McNerney,Glenn Nye,Debbie Halvorson,Tom Perriello,Henry Brown Jr.,Jerry Moran,Cliff Stearns,John Boozman,Gus Bilirakis,Vern Buchanan
House Committee on Veterans' Affairs/Subcommittee on Oversight and Investigations,HSVR_osi,Harry Mitchell,Zack Space,Tim Walz,John Adler,John Hall,Phil Roe,Cliff Stearns,Brian Bilbray
House Committee on Ways and Means,HSWM,Charlie Rangel,Pete Stark,Sander Levin,Jim McDermott,John Lewis,Richard Neal,John Tanner,Xavier Becerra,Lloyd Doggett,Earl Pomeroy,Mike Thompson,John Larson,Earl Blumenauer,Ron Kind,Bill Pascrell,Shelley Berkley,Joe Crowley,Chris Van_Hollen,Kendrick Meek,Allyson Schwartz,Artur Davis,Danny Davis,Bob Etheridge,Linda Sanchez,Brian Higgins,John A. Yarmuth,Dave Camp,Wally Herger,Sam Johnson,Kevin Brady,Paul Ryan,Eric Cantor,John Linder,Devin Nunes,Pat Tiberi,Ginny Brown-Waite,Geoff Davis,Dave Reichert,Charles Boustany,Dean Heller,Peter Roskam
House Committee on Ways and Means/Subcommittee on Trade,HSWM_trd,Sander Levin,John Tanner,Chris Van_Hollen,Jim McDermott,Richard Neal,Lloyd Doggett,Earl Pomeroy,Bob Etheridge,Linda Sanchez,Kevin Brady,Geoff Davis,Dave Reichert,Wally Herger,Devin Nunes,Ginny Brown-Waite
House Committee on Ways and Means/Subcommittee on Oversight,HSWM_osi,John Lewis,Xavier Becerra,Ron Kind,Bill Pascrell,John Larson,Artur Davis,Danny Davis,Bob Etheridge,Brian Higgins,Charles W. Boustany,Dave Reichert,Peter Roskam,Paul Ryan,John Linder
House Committee on Ways and Means/Subcommittee on Health,HSWM_hea,Pete Stark,Lloyd Doggett,Mike Thompson,Xavier Becerra,Earl Pomeroy,Ron Kind,Earl Blumenauer,Bill Pascrell Jr.,Shelley Berkley,Wally Herger,Sam Johnson,Paul Ryan,Devin Nunes,Ginny Brown-Waite
House Committee on Ways and Means/Subcommittee on Social Security,HSWM_ssc,John S. Tanner,Earl Pomeroy,Allyson Schwartz,Xavier Becerra,Lloyd Doggett,Ron Kind,Joseph Crowley,Linda Sanchez,John Yarmuth,Sam Johnson,Kevin Brady,Pat Tiberi,Ginny Brown-Waite,Dave Reichert
House Committee on Ways and Means/Subcommittee on Income Security and Family Support,HSWM_fam,Jim McDermott,Pete Stark,Artur Davis,John Lewis,Shelley Berkley,Chris Van_Hollen,Kendrick Meek,Sander Levin,Danny Davis,John Linder,Charles W. Boustany,Dean Heller,Peter Roskam,Pat Tiberi
House Committee on Ways and Means/Subcommittee on Select Revenue Measures,HSWM_srm,Richard Neal,Mike Thompson,John Larson,Allyson Schwartz,Earl Blumenauer,Joseph Crowley,Kendrick Meek,Brian Higgins,John Yarmuth,Pat Tiberi,John Linder,Dean Heller,Peter Roskam,Geoff Davis
House Committee on Transportation and Infrastructure,HSPW,James Oberstar,Nick Rahall,Peter DeFazio,Jerry Costello,Eleanor Holmes Norton,Jerrold Nadler,Corrine Brown,Bob Filner,Eddie Bernice Johnson,Gene Taylor,Elijah Cummings,Ellen Tauscher,Leonard Boswell,Tim Holden,Brian Baird,Rick Larsen,Michael Capuano,Timothy Bishop,Michael Michaud,Russ Carnahan,Grace Napolitano,Heath Shuler,Dan Lipinski,Michael Arcuri,Timothy Walz,Harry Mitchell,Chris Carney,John Hall,Steve Kagen,Steve Cohen,Laura Richardson,Albio Sires,Donna F. Edwards,Solomon Ortiz,Phil Hare,John Boccieri,Mark Schauer,Betsy Markey,Parker Griffith,Tom Perriello,Michael E. McMahon,Dina Titus,Harry Teague,Mazie Hirono,Jason Altmire,John Mica,Don Young,Tom Petri,Howard Coble,Jimmy Duncan,Vernon Ehlers,Frank LoBiondo,Gary Miller,Jerry Moran,Henry Brown Jr.,Timothy Johnson,Todd Platts,Sam Graves,Bill Shuster,John Boozman,Shelley Moore Capito,Jim Gerlach,Mario Diaz-Balart,Charles Dent,Connie Mack,Lynn Westmoreland,Jean Schmidt,Candice Miller,Mary Fallin,Vern Buchanan,Bob Latta,Brett Guthrie,"Anh ""Joseph"" Cao",Aaron Schock,Pete Olson
House Committee on Transportation and Infrastructure/Subcommittee on Aviation,HSPW_air,Jerry Costello,Russ Carnahan,Parker Griffith,Michael McMahon,Peter A. DeFazio,Eleanor Holmes Norton,Bob Filner,Eddie Bernice Johnson,Leonard Boswell,Tim Holden,Michael Capuano,Dan Lipinski,Mazie Hirono,Harry Mitchell,John Hall,Steve Cohen,Laura Richardson,John Boccieri,Nick Rahall,Corrine Brown,Elijah Cummings,Ellen Tauscher,Jason Altmire,Solomon Ortiz,Mark Schauer,James Oberstar,Tom Petri,Howard Coble,Jimmy Duncan,Vernon Ehlers,Frank LoBiondo,Jerry Moran,Sam Graves,John Boozman,Shelley Moore Capito,Charles Dent,Jim Gerlach,Connie Mack,Lynn Westmoreland,Jean Schmidt,Mary Fallin,Vern Buchanan,Brett Guthrie
House Committee on Transportation and Infrastructure/Subcommittee on Coast Guard and Maritime Transportation,HSPW_sea,Elijah Cummings,Corrine Brown,Rick Larsen,Gene Taylor,Brian Baird,Timothy Bishop,Steve Kagen,Michael McMahon,Laura Richardson,James Oberstar,Frank LoBiondo,Don Young,Howard Coble,Vern Ehlers,Todd Platts,Ted Poe,Pete Olson
"House Committee on Transportation and Infrastructure/Subcommittee on Economic Development, Public Buildings & Emergency Management",HSPW_ecn,Eleanor Holmes Norton,Betsy Markey,Michael Michaud,Heath Shuler,Parker Griffith,Russ Carnahan,Timothy Walz,Michael Arcuri,Chris Carney,Donna Edwards,Tom Perriello,James Oberstar,Mario Diaz-Balart,Tim Johnson,Sam Graves,Shelley Moore Capito,Mary Fallin,Brett Guthrie,"Anh ""Joseph"" Cao"
House Committee on Transportation and Infrastructure/Subcommittee on Highways and Transit,HSPW_hwy,Peter DeFazio,Nick Rahall,Jerrold Nadler,Bob Filner,Ellen Tauscher,Tim Holden,Brian Baird,Michael Capuano,Timothy Bishop,Michael Michaud,Grace Napolitano,Dan Lipinski,Mazie Hirono,Jason Altmire,Timothy Walz,Heath Shuler,Michael Arcuri,Harry Mitchell,Chris Carney,Steve Cohen,Laura Richardson,Albio Sires,Donna Edwards,Gene Taylor,Leonard L. Boswell,Rick Larsen,John Hall,Steve Kagen,Solomon P. Ortiz,Phil Hare,John Boccieri,Mark Schauer,James Oberstar,Jimmy Duncan,Don Young,Tom Petri,Howard Coble,Jerry Moran,Gary Miller,Henry Brown Jr.,Timothy Johnson,Todd Platts,Bill Shuster,John Boozman,Shelley Moore Capito,Jim Gerlach,Mario Diaz-Balart,Charles Dent,Connie Mack,Jean Schmidt,Candice S. Miller,Mary Fallin,Vern Buchanan,Bob Latta,Aaron Schock
"House Committee on Transportation and Infrastructure/Subcommittee on Railroads, Pipelines, and Hazardous Materials",HSPW_rrd,Corrine Brown,Dina Titus,Nick Rahall,Jerrold Nadler,Elijah Cummings,Grace Napolitano,Jason Altmire,Timothy Walz,Michael Arcuri,Chris Carney,Albio Sires,Mark Schauer,Betsy Markey,Michael McMahon,Tom Perriello,Peter DeFazio,Jerry Costello,Bob Filner,Eddie Bernice Johnson,Leonard Boswell,Rick Larsen,Michael Michaud,Dan Lipinski,Steve Cohen,Laura Richardson,James Oberstar,Bill Shuster,Tom Petri,Jerry Moran,Gary Miller,Henry Brown Jr.,Timothy Johnson,Sam Graves,Jim Gerlach,Charles Dent,Lynn Westmoreland,Jean Schmidt,Candice Miller,Vern Buchanan,Bob Latta,Brett Guthrie,Aaron Schock,"Anh ""Joseph"" Cao",Pete Olson
House Committee on Transportation and Infrastructure/Subcommittee on Water Resources and Environment ,HSPW_wre,Eddie Bernice Johnson,Tom Perriello,Jerry Costello,Gene Taylor,Brian Baird,Ellen Tauscher,Brian Baird,Timothy Bishop,Russ Carnahan,Steve Kagen,Donna Edwards,Solomon Ortiz,Phil Hare,Dina Titus,Harry Teague,Eleanor Holmes Norton,Michael Capuano,Grace Napolitano,Mazie Hirono,Harry Mitchell,John Hall,Parker Griffith,Bob Filner,Corrine Brown,James Oberstar,John Boozman,Don Young,Jimmy Duncan,Vernon Ehlers,Frank LoBiondo,Gary Miller,Henry Brown Jr.,Todd Platts,Bill Shuster,Mario Diaz-Balart,Connie Mack,Lynn A. Westmoreland,Candice Miller,Bob Latta,"Anh ""Joseph"" Cao",Pete Olson
House Committee on Small Business,HSSM,Nydia Velazquez,Dennis Moore,Heath Shuler,Kathy Dahlkemper,Kurt Schrader,Ann Kirkpatrick,Glenn Nye,Michael Michaud,Melissa Bean,Daniel Lipinski,Jason Altmire,Yvette Clarke,Brad Ellsworth,Joe Sestak,Bobby Bright,Parker Griffith,Debbie Halvorson,Sam Graves,Roscoe Bartlett,Todd Akin,Steve King,Lynn Westmoreland,Louie Gohmert,Mary Fallin,Vern Buchanan,Blaine Luetkemeyer,Aaron Schock,Glenn Thompson,Mike Coffman
House Committee on Small Business/Subcommittee on Finance and Tax,HSSM_tax,Kurt Schrader,Dennis Moore,Ann Kirkpatrick,Melissa Bean,Joe Sestak,Deborah Halvorson,Glenn Nye,Mike Michaud,Vern Buchanan,Steve King,Todd Akin,Blaine Luetkemeyer,Mike Coffman
House Committee on Small Business/Subcommittee on Contracting and Technology,HSSM_tec,Glenn Nye,Yvette Clarke,Brad Ellsworth,Kurt Schrader,Deborah Halvorson,Melissa Bean,Joe Sestak,Parker Griffith,Aaron Schock,Roscoe G. Bartlett,Todd Akin,Mary Fallin,Glenn Thompson
House Committee on Small Business/Subcommittee on Regulations and Healthcare,HSSM_rhc,Kathy Dahlkemper,Daniel Lipinski,Parker Griffith,Melissa Bean,Jason Altmire,Joe Sestak,Bobby Bright,Lynn Westmoreland,Steve King,Vern Buchanan,Glenn Thompson,Mike Coffman
"House Committee on Small Business/Subcommittee on Rural Development, Entrepreneurship and Trade",HSSM_ret,Heath Shuler,Mike Michaud,Bobby Bright,Kathy Dahlkemper,Ann Kirkpatrick,Yvette Clarke,Blaine Luetkemeyer,Steve King,Aaron Schock,Glenn Thompson
House Committee on Small Business/Subcommittee on Investigations and Oversight ,HSSM_osi,Jason Altmire,Heath Shuler,Brad Ellsworth,Parker Griffith,Mary Fallin,Louie Gohmert
House Committee on Science and Technology,HSSY,Bart Gordon,Jerry Costello,Eddie Bernice Johnson,Lynn Woolsey,David Wu,Brian Baird,Brad Miller,Daniel Lipinski,Gabrielle Giffords,Donna Edwards,Marcia Fudge,Ben Lujan,Paul Tonko,Parker Griffith,Steve Rothman,Jim Matheson,Lincoln Davis,Ben Chandler,Russ Carnahan,Baron Hill,Harry Mitchell,Charlie Wilson,Kathy Dahlkemper,Alan Grayson,Suzanne Kosmas,Gary Peters,Ralph Hall,James Sensenbrenner,Lamar Smith,Dana Rohrabacher,Roscoe Bartlett,Vernon Ehlers,Frank Lucas,Judy Biggert,Todd Akin,Randy Neugebauer,Bob Inglis,Michael McCaul,Mario Diaz-Balart,Brian Bilbray,Paul Broun,Pete Olson
House Committee on Science and Technology/Subcommittee on Technology and Innovation,HSSY_tec,David Wu,Donna Edwards,Ben Lujan,Paul Tonko,Daniel Lipinski,Harry Mitchell,Gary Peters,Bart Gordon,Adrian Smith,Judy Biggert,Todd Akin,Paul Broun,Ralph Hall
House Committee on Science and Technology/Subcommittee on Energy and Environment,HSSY_ene,Brian Baird,Jerry Costello,Lynn Woolsey,Donna Edwards,Ben Lujan,Paul Tonko,Eddie Bernice Johnson,Daniel Lipinski,Gabrielle Giffords,Jim Matheson,Lincoln Davis,Ben Chandler,Bart Gordon,Bob Inglis,Roscoe Bartlett,Vernon Ehlers,Judy Biggert,Todd Akin,Randy Neugebauer,Mario Diaz-Balart,Ralph Hall
House Committee on Science and Technology/Subcommittee on Investigations and Oversight,HSSY_osi,Brad Miller,Kathy Dahlkemper,Steven Rothman,Lincoln Davis,Charles Wilson,Alan Grayson,Bart Gordon,Paul Broun,Brian Bilbray,Ralph Hall
House Committee on Science and Technology/Subcommittee on Research and Science Education,HSSY_res,Daniel Lipinski,Eddie Bernice Johnson,Brian Baird,Marcia Fudge,Parker Griffith,Paul Tonko,Russ Carnahan,Bart Gordon,Vernon Ehlers,Randy Neugebauer,Brian Bilbray,Adrian Smith,Ralph Hall
House Committee on Science and Technology/Subcommittee on Space and Aeronautics,HSSY_spc,Gabrielle Giffords,Marcia Fudge,Parker Griffith,David Wu,Donna Edwards,Steven Rothman,Baron Hill,Charles Wilson,Alan Grayson,Suzanne Kosmas,Bart Gordon,Pete Olson,Dana Rohrabacher,James Sensenbrenner,Frank Lucas,Michael McCaul,Ralph Hall
House Committee on Homeland Security,HSHM,Bennie Thompson,Loretta Sanchez,Jane Harman,Peter DeFazio,Eleanor Holmes Norton,Zoe Lofgren,Sheila Jackson_Lee,Henry Cuellar,Chris Carney,Yvette Clarke,Laura Richardson,Ann Kirkpatrick,Ben Lujan,Bill Pascrell,Emanuel Cleaver,Al Green,James A. Himes,Mary Jo Kilroy,Eric J.J. Massa,Dana Titus,Peter King,Lamar Smith,Mark Souder,Dan Lungren,Mike Rogers,Michael McCaul,Charles Dent,Gus Bilirakis,Paul Broun,Candice Miller,Pete Olson,Joseph Cao,Steve Austria
"House Committee on Homeland Security/Subcommittee on Border, Maritime, and Global Counter Terrorism",HSHM_bor,Loretta Sanchez,Jane Harman,Zoe Lofgren,Sheila Jackson_Lee,Henry Cuellar,Ann Kirkpatrick,Bill Pascrell,Al Green,Eric J.J. Massa,Bennie Thompson,Mark Souder,Michael McCaul,Gus Bilirakis,Mike Rogers,Candice S. Miller,Peter King
"House Committee on Homeland Security/Subcommittee on Intelligence, Information Sharing, and Terrorism Risk Assessment",HSHM_int,Jane Harman,Chris Carney,Yvette Clarke,Ann Kirkpatrick,Al Green,James A. Himes,Bennie Thompson,Michael McCaul,Charles Dent,Paul Broun,Mark Souder,Peter King
House Committee on Homeland Security/Subcommittee on Transportation Security and Infrastructure Protection,HSHM_tra,Sheila Jackson_Lee,Peter DeFazio,Eleanor Holmes Norton,Ann Kirkpatrick,Ben Lujan,Emanuel Cleaver,James A. Himes,Eric J.J. Massa,Bennie Thompson,Dana Titus,Charles Dent,Dan Lungren,Pete Olson,Candice S. Miller,Steve Austria,Peter King
"House Committee on Homeland Security/Subcommittee on Emerging Threats, Cybersecurity, and Science and Technology",HSHM_cyb,Yvette Clarke,Loretta Sanchez,Laura Richardson,Ben Lujan,Mary Jo Kilroy,Bennie Thompson,Dan Lungren,Paul Broun,Steve Austria,Peter King
"House Committee on Homeland Security/Subcommittee on Emergency Communications, Preparedness and Response",HSHM_cpr,Henry Cuellar,Eleanor Holmes Norton,Laura Richardson,Bill Pascrell,Emanuel Cleaver,Dana Titus,Bennie Thompson,Mike Rogers,Pete Olson,Joseph Cao,Michael McCaul,Peter King
"House Committee on Homeland Security/Subcommittee on Management, Investigations, and Oversight",HSHM_osm,Chris Carney,Peter DeFazio,Bill Pascrell,Al Green,Mary Jo Kilroy,Bennie Thompson,Gus Bilirakis,Joseph Cao,Dan Lungren,Peter King
House Committee on House Administration,HSHA,Bob Brady,Zoe Lofgren,Michael Capuano,Charlie Gonzalez,Susan Davis,Artur Davis,Dan Lungren,Kevin McCarthy,Gregg Harper
House Committee on House Administration/Subcommittee on Elections,HSHA_ele,Zoe Lofgren,Charlie Gonzalez,Susan Davis,Artur Davis,Kevin McCarthy,Gregg Harper
House Committee on House Administration/Subcommittee on Capitol Security ,HSHA_csc,Michael Capuano,Bob Brady,Dan Lungren
House Committee on Natural Resources,HSII,Nick Rahall,Dale Kildee,Eni Faleomavaega,Neil Abercrombie,Frank Pallone,Grace Napolitano,Rush Holt,Raul Grijalva,Madeleine Bordallo,Jim Costa,Dan Boren,Gregorio Sablan,Martin Heinrich,George Miller,Ed Markey,Peter DeFazio,Maurice Hinchey,Donna Christensen,Diana DeGette,Ron Kind,Lois Capps,Jay Inslee,Joe Baca,Stephanie Herseth_Sandlin,John Sarbanes,Carol Shea-Porter,Niki Tsongas,Frank Kratovil,Pedro Pierluisi,Doc Hastings,Don Young,Elton Gallegly,John Duncan,Jeff Flake,Henry Brown Jr.,Cathy McMorris-Rodgers,Louie Gohmert,Rob Bishop,Bill Shuster,Doug Lamborn,Adrian Smith,Robert Wittman,Paul Broun,John Fleming,Mike Coffman,Jason Chaffetz,Cynthia Lummis,Thomas McClintock,Bill Cassidy
House Committee on Natural Resources/Subcommittee on Energy and Mineral Resources,HSII_ene,Jim Costa,Eni Faleomavaega,Rush Holt,Dan Boren,Gregorio Sablan,Martin Heinrich,Ed Markey,Maurice Hinchey,John Sarbanes,Niki Tsongas,Nick Rahall,Doug Lamborn,Don Young,Louie Gohmert,John Fleming,Jason Chaffetz,Cynthia Lummis,Doc Hastings
"House Committee on Natural Resources/Subcommittee on Insular Affairs, Oceans and Wildlife",HSII_iow,Madeleine Bordallo,Dale Kildee,Eni Faleomavaega,Frank Pallone,Gregorio Sablan,Donna Christensen,Diana DeGette,Ron Kind,Lois Capps,Carol Shea-Porter,Frank Kratovil,Pedro Pierluisi,Nick Rahall,Henry Brown Jr.,Don Young,Jeff Flake,Doug Lamborn,Robert Wittman,John Fleming,Bill Cassidy,Doc Hastings
"House Committee on Natural Resources/Subcommittee on National Parks, Forests and Public Lands",HSII_nps,Raul Grijalva,Dale Kildee,Neil Abercrombie,Grace Napolitano,Rush Holt,Madeleine Bordallo,Dan Boren,Martin Heinrich,Peter DeFazio,Maurice Hinchey,Donna Christensen,Diana DeGette,Ron Kind,Lois Capps,Jay Inslee,Stephanie Herseth_Sandlin,John Sarbanes,Carol Shea-Porter,Niki Tsongas,Pedro Pierluisi,Nick Rahall,Rob Bishop,Don Young,Elton Gallegly,Jimmy Duncan,Jeff Flake,Henry Brown,Louie Gohmert,Bill Shuster,Robert Wittman,Paul Broun,Mike Coffman,Cynthia Lummis,Thomas McClintock,Doc Hastings
House Committee on Natural Resources/Subcommittee on Water and Power,HSII_wat,Grace Napolitano,George Miller,Raul Grijalva,Jim Costa,Peter DeFazio,Jay Inslee,Joe Baca,Nick Rahall,Cathy McMorris-Rodgers,Adrian Smith,Mike Coffman,Thomas McClintock,Doc Hastings
House Committee on Oversight and Government Reform,HSGO,Edolphus Towns,Paul Kanjorski,Carolyn Maloney,Elijah Cummings,Dennis Kucinich,John F. Tierney,"William ""Lacy"" Clay",Diane Watson,Stephen Lynch,Jim Cooper,Gerry Connolly,Eleanor Holmes Norton,Patrick J. Kennedy,Danny Davis,Chris Van_Hollen,Henry Cuellar,Paul Hodes,Chris Murphy,Peter Welch,Bill Foster,Jackie Speier,Steve Driehaus,Darrell Issa,Dan Burton,John McHugh,John Mica,Mark Souder,Todd Platts,Jimmy Duncan,Michael Turner,Lynn Westmoreland,Patrick McHenry,Brian Bilbray,Jim Jordan,Jeff Flake,Jeff Fortenberry,Jason Chaffetz,Aaron Schock
House Committee on Oversight and Government Reform/Subcommittee on Domestic Policy,HSGO_dom,Dennis Kucinich,Elijah Cummings,John Tierney,Diane Watson,Jim Cooper,Patrick J. Kennedy,Peter Welch,Bill Foster,Jim Jordan,Mark Souder,Dan Burton,Michael Turner,Jeff Fortenberry,Aaron Schock
"House Committee on Oversight and Government Reform/Subcommittee on Federal Workforce, Postal Service, and the District of Columbia",HSGO_fed,Stephen Lynch,Eleanor Holmes Norton,Danny K. Davis,Elijah Cummings,Dennis Kucinich,"William ""Lacy"" Clay",Gerry Connolly,Jason Chaffetz,John McHugh,Mark Souder,Brian Bilbray
"House Committee on Oversight and Government Reform/Subcommittee on Government Management, Organization, and Procurement",HSGO_gpo,Diane Watson,Paul Kanjorski,Jim Cooper,Gerry Connolly,Henry Cuellar,Jackie Speier,Paul Hodes,Chris Murphy,Brian Bilbray,Aaron Schock,Todd Platts,Jimmy Duncan,Jeff Flake
"House Committee on Oversight and Government Reform/Subcommittee on Information Policy, Census and National Archives",HSGO_icn,"William ""Lacy"" Clay",Paul Kanjorski,Carolyn Maloney,Eleanor Holmes Norton,Danny K. Davis,Steve Driehaus,Diane Watson,Patrick McHenry,Lynn Westmoreland,John Mica,Jason Chaffetz
House Committee on Oversight and Government Reform/Subcommittee on National Security and Foreign Affairs,HSGO_nsc,John Tierney,Carolyn Maloney,Patrick J. Kennedy,Chris Van_Hollen,Paul Hodes,Chris Murphy,Peter Welch,Bill Foster,Steve Driehaus,Stephen Lynch,Henry Cuellar,Dennis Kucinich,Jeff Flake,Todd Platts,Dan Burton,John Mica,Jimmy Duncan,Michael Turner,Lynn Westmoreland,Patrick McHenry,Jim Jordan,Jeff Fortenberry
Senate Committee on Homeland Security and Governmental Affairs,SSGA,Joseph I. Lieberman,Carl Levin,Daniel Akaka,Thomas R. Carper,Mark Pryor,Mary Landrieu,Claire McCaskill,Jon Tester,Roland Burris,Michael Bennet,Susan M. Collins,George Voinovich,Tom Coburn,John McCain,John Ensign,Lindsey Graham
Senate Committee on Homeland Security and Governmental Affairs/Subcommittee on Investigations,SSGA_inv,Carl Levin,Tom Carper,Mark Pryor,Claire McCaskill,Jon Tester,Michael Bennet,Joseph I. Lieberman,Tom Coburn,Susan Collins,John Ensign,John McCain
"Senate Committee on Homeland Security and Governmental Affairs/Subcommittee on Federal Financial Management, Government Information, Federal Services, and International Security",SSGA_ffm,Tom Carper,Carl Levin,Daniel Akaka,Mark Pryor,Claire McCaskill,Roland Burris,Joseph I. Lieberman,John McCain,Tom Coburn,George Voinovich,John Ensign,Susan Collins
"Senate Committee on Homeland Security and Governmental Affairs/Subcommittee on Oversight of Government Management, the Federal Workforce, and the District of Columbia",SSGA_ogm,Daniel Akaka,Carl Levin,Mary Landrieu,Roland Burris,Michael Bennet,Joseph I. Lieberman,George Voinovich,Lindsey Graham,Susan Collins
Senate Committee on Homeland Security and Governmental Affairs/Subcommittee on Disaster Recovery,SSGA_drc,Mary Landrieu,Claire McCaskill,Roland Burris,Joseph I. Lieberman,Lindsey Graham,Susan Collins
"Senate Committee on Homeland Security and Governmental Affairs/Subcommittee on State, Local, and Private Sector Preparedness and Integration",SSGA_slp,Mark Pryor,Daniel Akaka,Mary Landrieu,Jon Tester,Michael Bennet,Joseph I. Lieberman,John Ensign,George Voinovich,Lindsey Graham,Susan Collins
Senate Committee on Homeland Security and Governmental Affairs/Subcommittee on Contracting Oversight,SSGA_cos,Claire McCaskill,Tom Carper,Mark Pryor,Carl Levin,Jon Tester,Joseph I. Lieberman,Tom Coburn,John McCain,Susan Collins
"Senate Committee on Health, Education, Labor and Pensions",SSHR,Edward M. Kennedy,Christopher Dodd,Tom Harkin,Barbara Mikulski,Jeff Bingaman,Patty Murray,Jack Reed,Bernie Sanders,Sherrod Brown,Jeff Merkley,Bob Casey,Kay Hagan,Michael B. Enzi,Judd Gregg,Lamar Alexander,Richard Burr,Johnny Isakson,Orrin Hatch,Lisa Murkowski,Pat Roberts,Tom Coburn,John McCain
"Senate Committee on Health, Education, Labor and Pensions/Subcommittee on Children and Families",SSHR_cfm,Chris Dodd,Jeff Bingaman,Patty Murray,Jack Reed,Bernie Sanders,Edward M. Kennedy,Lamar Alexander,Judd Gregg,Lisa Murkowski,Orrin Hatch,Pat Roberts,Michael B. Enzi
"Senate Committee on Health, Education, Labor and Pensions/Subcommittee on Retirement and Aging",SSHR_age,Barbara Mikulski,Tom Harkin,Jeff Bingaman,Jack Reed,Bernie Sanders,Sherrod Brown,Edward M. Kennedy,Richard Burr,Judd Gregg,Lamar Alexander,Johnny Isakson,Orrin Hatch,Michael B. Enzi
"Senate Committee on Health, Education, Labor and Pensions/Subcommittee on Employment and Workplace Safety",SSHR_ews,Patty Murray,Chris Dodd,Tom Harkin,Barbara Mikulski,Sherrod Brown,Edward M. Kennedy,Johnny Isakson,Richard Burr,Lisa Murkowski,Pat Roberts,Tom Coburn,Michael B. Enzi
Senate Committee on Foreign Relations,SSFR,John Kerry,Christopher Dodd,Russ Feingold,Barbara Boxer,Bob Menendez,Ben Cardin,Bob Casey,Jim Webb,Jeanne Shaheen,Edward Kaufman,Kirsten Gillibrand,Richard Lugar,Bob Corker,Johnny Isakson,Jim Risch,Jim DeMint,John Barrasso,Roger Wicker
Senate Committee on Foreign Relations/Subcommittee on African Affairs,SSFR_afr,Russ Feingold,Ben Cardin,Jim Webb,Edward Kaufman,Jeanne Shaheen,Johnny Isakson,Jim DeMint,Bob Corker,Jim Risch,Richard Lugar
Senate Committee on Foreign Relations/Subcommittee on East Asian and Pacific Affairs,SSFR_pac,Jim Webb,Christopher Dodd,Russ Feingold,Barbara Boxer,Bob Casey,Kirsten Gillibrand,Johnny Isakson,John Barrasso,Roger Wicker,Richard Lugar
Senate Committee on Foreign Relations/Subcommittee on European Affairs,SSFR_eur,Jeanne Shaheen,Chris Dodd,Bob Menendez,Bob Casey,Jim Webb,Edward Kaufman,Jim DeMint,Jim Risch,Bob Corker,Roger Wicker,Richard Lugar
Senate Committee on Foreign Relations/Subcommittee on Near East and South and Central Asian Affairs,SSFR_asi,Bob Casey,Chris Dodd,Russ Feingold,Barbara Boxer,Ben Cardin,Edward Kaufman,Jim Risch,Bob Corker,John Barrasso,Johnny Isakson,Richard Lugar
"Senate Committee on Foreign Relations/Subcommittee on Western Hemisphere, Peace Corps, and Narcotics Affairs",SSFR_whe,Chris Dodd,Bob Menendez,Ben Cardin,Jim Webb,Kirsten Gillibrand,John Barrasso,Johnny Isakson,Jim Risch,Richard Lugar
"Senate Committee on Foreign Relations/Subcommittee on International Development and Foreign Assistance, Economic Affairs and International Development Protection",SSFR_aid,Bob Menendez,Barbara Boxer,Ben Cardin,Bob Casey,Jeanne Shaheen,Kirsten Gillibrand,Bob Corker,Roger Wicker,Jim DeMint,Richard Lugar
"Senate Committee on Foreign Relations/Subcommittee on International Operations and Organizations, Human Rights, Democracy and Global Women's Issues",SSFR_hrd,Barbara Boxer,Russ Feingold,Bob Menendez,Edward Kaufman,Jeanne Shaheen,Kirsten Gillibrand,Roger Wicker,Jim DeMint,John Barrasso,Richard Lugar
Senate Committee on Finance,SSFI,Max S. Baucus,John D. Rockefeller IV,Kent Conrad,Jeff Bingaman,John Kerry,Blanche Lincoln,Ron Wyden,Charles Schumer,Debbie Stabenow,Maria Cantwell,Bill Nelson,Robert Menendez,Thomas Carper,Chuck Grassley,Orrin Hatch,Olympia Snowe,Jon Kyl,Jim Bunning,Mike Crapo,Pat Roberts,John Ensign,Michael Enzi,John Cornyn
"Senate Committee on Finance/Subcommittee on Energy, Natural Resources, and Infrastructure",SSFI_ene,Jeff Bingaman,Kent Conrad,John Kerry,Blanche Lincoln,Ron Wyden,Maria Cantwell,Max Baucus,Jim Bunning,Orrin Hatch,Mike Crapo,John Ensign,Chuck Grassley
Senate Committee on Finance/Subcommittee on Health Care,SSFI_hcr,John D. Rockefeller IV,John Kerry,Jeff Bingaman,Blanche Lincoln,Ron Wyden,Debbie Stabenow,Maria Cantwell,Max Baucus,Orrin Hatch,Chuck Grassley,Olympia Snowe,Jon Kyl,Pat Roberts,Jim Bunning,John Ensign
Senate Committee on Finance/Subcommittee on International Trade and Global Competitiveness,SSFI_tra,Blanche Lincoln,Max Baucus,John D. Rockefeller IV,Jeff Bingaman,Mary Landrieu,Debbie Stabenow,Chuck Schumer,Max Baucus,Mike Crapo,Olympia Snowe,Pat Roberts,Jim Bunning,Chuck Grassley
"Senate Committee on Finance/Subcommittee on Social Security, Pensions and Family Policy",SSFI_ssp,John Kerry,John D. Rockefeller IV,Kent Conrad,Charles Schumer,Max Baucus,John Ensign,Jon Kyl,Chuck Grassley
"Senate Committee on Finance/Subcommittee on Taxation, IRS Oversight, and Long-term Growth",SSFI_tax,Kent Conrad,Max Baucus,Ron Wyden,Maria Cantwell,Chuck Schumer,Debbie Stabenow,Jon Kyl,Pat Roberts,Olympia Snowe,Mike Crapo,Orrin Hatch,Chuck Grassley
Senate Select Committee on Ethics,SLET,Barbara Boxer,Mark Pryor,Sherrod Brown,Johnny Isakson,Pat Roberts,Jim Risch
Senate Committee on Environment and Public Works,SSEV,Barbara Boxer,Max Baucus,Thomas R. Carper,Frank Lautenberg,Ben Cardin,Bernie Sanders,Amy Klobuchar,Sheldon Whitehouse,Tom Udall,Jeff Merkley,Kirsten Gillibrand,James M. Inhofe,George Voinovich,David Vitter,John Barrasso,Arlen Specter,Mike Crapo,Kit Bond,Lamar Alexander
Senate Committee on Environment and Public Works/Subcommittee on Children's Health,SSEV_kid,Amy Klobuchar,Tom Udall,Jeff Merkley,Barbara Boxer,Lamar Alexander,James Inhofe,Arlen Specter
Senate Committee on Environment and Public Works/Subcommittee on Clean Air and Nuclear Safety,SSEV_air,Thomas R. Carper,Max Baucus,Ben Cardin,Bernie Sanders,Jeff Merkley,Barbara Boxer,David Vitter,George Voinovich,Kit Bond,James Inhofe
Senate Committee on Environment and Public Works/Subcommittee on Green Jobs and the New Economy,SSEV_grn,Bernie Sanders,Thomas R. Carper,Kirsten Gillibrand,Barbara Boxer,Kit Bond,George Voinovich,James Inhofe
Senate Committee on Environment and Public Works/Subcommittee on Oversight,SSEV_osi,Sheldon Whitehouse,Tom Udall,Kirsten Gillibrand,Barbara Boxer,John Barrasso,David Vitter,James Inhofe
"Senate Committee on Environment and Public Works/Subcommittee on Superfund, Toxics and Environmental Health",SSEV_tox,Frank Lautenberg,Max Baucus,Amy Klobuchar,Sheldon Whitehouse,Kirsten Gillibrand,Barbara Boxer,Arlen Specter,Mike Crapo,Kit Bond,James Inhofe
Senate Committee on Environment and Public Works/Subcommittee on Transportation and Infrastructure,SSEV_trn,Max Baucus,Thomas R. Carper,Frank Lautenberg,Ben Cardin,Bernie Sanders,Amy Klobuchar,Barbara Boxer,George Voinovich,David Vitter,John Barrasso,Arlen Specter,James Inhofe
Senate Committee on Environment and Public Works/Subcommittee on Water and Wildlife,SSEV_wwf,Ben Cardin,Frank Lautenberg,Sheldon Whitehouse,Tom Udall,Jeff Merkley,Barbara Boxer,Mike Crapo,John Barrasso,Lamar Alexander,James Inhofe
Senate Committee on Energy and Natural Resources,SSEG,Jeff Bingaman,Byron Dorgan,Ron Wyden,Tim Johnson,Mary Landrieu,Maria Cantwell,Robert Menendez,Blanche Lincoln,Bernie Sanders,Evan Bayh,Debbie Stabenow,Mark Udall,Jeanne Shaheen,Lisa Murkowski,Richard Burr,John Barrasso,Sam Brownback,Jim Risch,John McCain,Robert Bennett,Jim Bunning,Jeff Sessions,Bob Corker
Senate Committee on Energy and Natural Resources/Subcommittee on Public Lands and Forests,SSEG_plf,Ron Wyden,Tim Johnson,Mary Landrieu,Maria Cantwell,Robert Menendez,Blanche Lincoln,Mark Udall,Jeanne Shaheen,Jeff Bingaman,John Barrasso,Jim Risch,John McCain,Robert Bennett,Jeff Sessions,Bob Corker,Lisa Murkowski
Senate Committee on Energy and Natural Resources/Subcommittee on National Parks,SSEG_nps,Mark Udall,Byron Dorgan,Mary Landrieu,Robert Menendez,Blanche Lincoln,Bernie Sanders,Evan Bayh,Debbie Stabenow,Jeff Bingaman,Richard Burr,John Barrasso,Sam Brownback,John McCain,Jim Bunning,Bob Corker,Lisa Murkowski
Senate Committee on Energy and Natural Resources/Subcommittee on Energy,SSEG_ene,Maria Cantwell,Ron Wyden,Byron Dorgan,Mary Landrieu,Debbie Stabenow,Bob Menendez,Bernie Sanders,Mark Udall,Evan Bayh,Jeanne Shaheen,Jeff Bingaman,Jim Risch,Richard Burr,John Barrasso,Sam Brownback,Robert Bennett,Jim Bunning,Jeff Sessions,Bob Corker,Lisa Murkowski
Senate Committee on Energy and Natural Resources/Subcommittee on Water and Power,SSEG_wpw,Debbie Stabenow,Byron Dorgan,Tim Johnson,Maria Cantwell,Blanche Lincoln,Bernie Sanders,Evan Bayh,Jeanne Shaheen,Jeff Bingaman,Sam Brownback,Jim Risch,John McCain,Robert Bennett,Jeff Sessions,Lisa Murkowski
"Senate Committee on Agriculture, Nutrition, and Forestry",SSAF,Tom Harkin,Patrick Leahy,Kent Conrad,Max Baucus,Blanche Lincoln,Debbie Stabenow,Ben Nelson,Sherrod Brown,Bob Casey,Amy Klobuchar,Kirsten Gillibrand,Michael Bennet,Saxby Chambliss,Richard Lugar,Thad Cochran,Mitch McConnell,Pat Roberts,Mike Johanns,Charles Grassley,John Thune
"Senate Committee on Agriculture, Nutrition, and Forestry/Subcommittee on Nutrition and Food Assistance, Sustainable and Organic Agriculture and General Legislation",SSAF_nut
"Senate Committee on Agriculture, Nutrition, and Forestry/Subcommittee on Energy, Science and Technology",SSAF_est
"Senate Committee on Agriculture, Nutrition, and Forestry/Subcommittee on Domestic & Foreign Marketing, Inspection, & Plant & Animal Health",SSAF_hel
"Senate Committee on Agriculture, Nutrition, and Forestry/Subcommittee on Production, Income Protection and Price Support",SSAF_ppp
"Senate Committee on Agriculture, Nutrition, and Forestry/Subcommittee on Rural Revitalization, Conservation, Forestry and Credit",SSAF_rur
Senate Committee on Appropriations,SSAP,Daniel Inouye,Robert Byrd,Patrick Leahy,Tom Harkin,Barbara Mikulski,Herb Kohl,Patty Murray,Byron Dorgan,Dianne Feinstein,Richard Durbin,Tim Johnson,Mary Landrieu,Jack Reed,Frank Lautenberg,Ben Nelson,Mark Pryor,Jon Tester,Thad Cochran,Arlen Specter,Kit Bond,Mitch McConnell,Richard Shelby,Judd Gregg,Robert Bennett,Kay Bailey Hutchison,Sam Brownback,Lamar Alexander,Susan Collins,George Voinovich,Lisa Murkowski
"Senate Committee on Appropriations/Subcommittee on Agriculture, Rural Development, and Related Agencies",SSAP_agr,Herb Kohl,Tom Harkin,Byron Dorgan,Dianne Feinstein,Dick Durbin,Tim Johnson,Ben Nelson,Jack Reed,Robert Byrd,Robert Bennett,Thad Cochran,Arlen Specter,Kit Bond,Mitch McConnell,Sam Brownback
"Senate Committee on Appropriations/Subcommittee on Commerce, Justice, and Science",SSAP_cjs,Barbara Mikulski,Daniel Inouye,Patrick Leahy,Herb Kohl,Tom Harkin,Byron Dorgan,Dianne Feinstein,Jack Reed,Frank Lautenberg,Robert Byrd,Richard Shelby,Judd Gregg,Mitch McConnell,Kay Bailey Hutchison,Sam Brownback,Lamar Alexander,Thad Cochran
Senate Committee on Appropriations/Subcommittee on Defense,SSAP_def,Daniel Inouye,Robert Byrd,Patrick Leahy,Tom Harkin,Byron Dorgan,Dick Durbin,Dianne Feinstein,Barbara Mikulski,Herb Kohl,Patty Murray,Thad Cochran,Arlen Specter,Kit Bond,Mitch McConnell,Richard Shelby,Judd Gregg,Kay Bailey Hutchison
Senate Committee on Appropriations/Subcommittee on Financial Services and General Government,SSAP_fin,Dick Durbin,Patty Murray,Mary Landrieu,Frank Lautenberg,Ben Nelson,Robert Byrd,Sam Brownback,Kit Bond,Richard Shelby,Thad Cochran
Senate Committee on Appropriations/Subcommittee on Energy and Water Development,SSAP_ewd,Byron Dorgan,Robert Byrd,Patty Murray,Dianne Feinstein,Tim Johnson,Mary Landrieu,Daniel Inouye,Jack Reed,Frank Lautenberg,Thad Cochran,Mitch McConnell,Bob Bennett,Kit Bond,Kay Bailey Hutchison
Senate Committee on Appropriations/Subcommittee on Homeland Security,SSAP_dhs,Robert Byrd,Daniel Inouye,Patrick Leahy,Barbara Mikulski,Herb Kohl,Patty Murray,Mary Landrieu,Frank Lautenberg,Ben Nelson,Thad Cochran,Judd Gregg,Arlen Specter,Richard Shelby,Lamar Alexander
Senate Committee on Appropriations/Subcommittee on Interior and Related Agencies,SSAP_doi,Dianne Feinstein,Robert Byrd,Patrick Leahy,Byron Dorgan,Barbara Mikulski,Herb Kohl,Tim Johnson,Jack Reed,Ben Nelson,Thad Cochran,Bob Bennett,Judd Gregg,Lamar Alexander
"Senate Committee on Appropriations/Subcommittee on Labor, Health and Human Services, and Education",SSAP_hhs,Tom Harkin,Daniel Inouye,Herb Kohl,Patty Murray,Mary Landrieu,Dick Durbin,Jack Reed,Frank Lautenberg,Robert Byrd,Arlen Specter,Thad Cochran,Judd Gregg,Kay Bailey Hutchison,Richard Shelby
Senate Committee on Appropriations/Subcommittee on Legislative Branch,SSAP_leg,Mary Landrieu,Dick Durbin,Ben Nelson,Robert Byrd,Lamar Alexander,Thad Cochran
Senate Committee on Appropriations/Subcommittee on Military Construction and Veterans Affairs,SSAP_dva,Tim Johnson,Daniel Inouye,Mary Landrieu,Robert Byrd,Patty Murray,Jack Reed,Ben Nelson,Kay Bailey Hutchison,Sam Brownback,Mitch McConnell,Bob Bennett,Thad Cochran
"Senate Committee on Appropriations/Subcommittee on State, Foreign Operations, and Related Programs",SSAP_sta,Patrick Leahy,Daniel Inouye,Tom Harkin,Barbara Mikulski,Dick Durbin,Tim Johnson,Mary Landrieu,Jack Reed,Robert Byrd,Judd Gregg,Mitch McConnell,Arlen Specter,Bob Bennett,Kit Bond,Sam Brownback,Lamar Alexander,Thad Cochran
"Senate Committee on Appropriations/Subcommittee on Transportation, Treasury, the Judiciary, Housing and Urban Development, and Related Agencies",SSAP_jud,Patty Murray,Robert Byrd,Barbara Mikulski,Herb Kohl,Dick Durbin,Byron Dorgan,Patrick Leahy,Tom Harkin,Dianne Feinstein,Tim Johnson,Frank Lautenberg,Kit Bond,Richard Shelby,Arlen Specter,Bob Bennett,Kay Bailey Hutchison,Sam Brownback,Lamar Alexander,Thad Cochran
Senate Committee on Armed Services,SSAS,Carl Levin,Edward M. Kennedy,Robert C. Byrd,Joseph I. Lieberman,Jack Reed,Daniel K. Akaka,Bill Nelson,Ben Nelson,Evan Bayh,Jim Webb,Claire McCaskill,Mark Udall,Kay Hagan,Mark Begich,Roland Burris,John McCain,James M. Inhofe,Jeff Sessions,Saxby Chambliss,Lindsey O. Graham,John Thune,Mel Martinez,Roger Wicker,Richard Burr,David Vitter,Susan M. Collins
Senate Committee on Armed Services/Subcommittee on Airland,SSAS_air,Joe Lieberman,Evan Bayh,Jim Webb,Claire McCaskill,Kay Hagan,Mark Begich,Roland Burris,Carl Levin,John Thune,James M. Inhofe,Jeff Sessions,Saxby Chambliss,Richard Burr,John McCain
Senate Committee on Armed Services/Subcommittee on Emerging Threats and Capabilities,SSAS_thr,Jack Reed,Ted Kennedy,Robert Byrd,Bill Nelson,Ben Nelson,Evan Bayh,Mark Udall,Carl Levin,Roger Wicker,Lindsey O. Graham,Mel Martinez,Richard Burr,Susan M. Collins,John McCain
Senate Committee on Armed Services/Subcommittee on Personnel,SSAS_per,Ben Nelson,Ted Kennedy,Joe Lieberman,Daniel K. Akaka,Jim Webb,Claire McCaskill,Kay Hagan,Mark Begich,Roland Burris,Carl Levin,Lindsey Graham,Saxby Chambliss,John Thune,Susan Collins,Mel Martinez,Roger Wicker,David Vitter,John McCain
Senate Committee on Armed Services/Subcommittee on Readiness and Management Support,SSAS_rdi,Evan Bayh,Robert Byrd,Daniel Akaka,Claire McCaskill,Mark Udall,Roland Burris,Carl Levin,Richard Burr,James M. Inhofe,Saxby Chambliss,John Thune,John McCain
Senate Committee on Armed Services/Subcommittee on Seapower,SSAS_sea,Ted Kennedy,Joe Lieberman,Jack Reed,Daniel Akaka,Bill Nelson,Jim Webb,Kay Hagan,Carl Levin,Mel Martinez,Jeff Sessions,Roger Wicker,Susan M. Collins,John McCain
Senate Committee on Armed Services/Subcommittee on Strategic Forces,SSAS_sfs,Bill Nelson,Robert Byrd,Jack Reed,Ben Nelson,Mark Begich,Mark Udall,Carl Levin,Jeff Sessions,James Inhofe,Lindsey Graham,David Vitter,John McCain
"Senate Committee on Banking, Housing, and Urban Affairs",SSBK,Christopher Dodd,Tim Johnson,Jack Reed,Chuck Schumer,Evan Bayh,Robert Menendez,Daniel Akaka,Sherrod Brown,Jon Tester,Herb Kohl,Mark Warner,Jeff Merkley,Michael Bennet,Richard Shelby,Robert Bennett,Jim Bunning,Mike Crapo,Mel Martinez,Bob Corker,Jim DeMint,David Vitter,Mike Johanns,Kay Bailey Hutchison
"Senate Committee on Banking, Housing, and Urban Affairs/Subcommittee on Securities, Insurance, and Investment",SSBK_sii,Jack Reed,Bob Menendez,Tim Johnson,Chuck Schumer,Evan Bayh,Daniel Akaka,Mark Warner,Chris Dodd,Michael Bennet,Jim Bunning,Mel Martinez,Bob Bennett,Mike Crapo,David Vitter,Mike Johanns,Bob Corker,Richard Shelby
"Senate Committee on Banking, Housing, and Urban Affairs/Subcommittee on Financial Institutions",SSBK_fin,Tim Johnson,Jon Tester,Bob Menendez,Daniel Akaka,Jack Reed,Chuck Schumer,Evan Bayh,Michael Bennet,Herb Kohl,Jeff Merkley,Chris Dodd,Mike Crapo,Bob Bennett,Kay Bailey Hutchison,Jim Bunning,Mel Martinez,Bob Corker,Jim DeMint,Richard Shelby
"Senate Committee on Banking, Housing, and Urban Affairs/Subcommittee on Housing, Transportation, and Community Development",SSBK_htc,Bob Menendez,Tim Johnson,Jack Reed,Chuck Schumer,Daniel Akaka,Sherrod Brown,Jon Tester,Herb Kohl,Mark Warner,Jeff Merkley,Chris Dodd,David Vitter,Kay Bailey Hutchison,Bob Bennett,Mike Johanns,Mike Crapo,Mel Martinez,Jim DeMint,Richard Shelby
"Senate Committee on Banking, Housing, and Urban Affairs/Subcommittee on Economic Policy",SSBK_ecp,Sherrod Brown,Jon Tester,Jeff Merkley,Chris Dodd,Jim DeMint,Richard Shelby
"Senate Committee on Banking, Housing, and Urban Affairs/Subcommittee on Security and International Trade and Finance",SSBK_itf,Evan Bayh,Herb Kohl,Mark Warner,Michael Bennet,Chris Dodd,Bob Corker,Mike Johanns,Richard Shelby
"Senate Committee on Commerce, Science, and Transportation",SSCM,Jay Rockefeller,Daniel K. Inouye,John Kerry,Byron Dorgan,Barbara Boxer,Bill Nelson,Maria Cantwell,Frank Lautenberg,Mark Pryor,Claire McCaskill,Amy Klobuchar,Tom Udall,Mark Warner,Mark Begich,Kay Bailey Hutchison,Olympia Snowe,John Ensign,Jim DeMint,John Thune,Roger Wicker,Johnny Isakson,David Vitter,Sam Brownback,Mel Martinez,Mike Johanns
"Senate Committee on Commerce, Science, and Transportation/Subcommittee on Aviation Operations, Safety, and Security",SSCM_avi,Jay Rockefeller,John Kerry,Byron Dorgan,Barbara Boxer,Bill Nelson,Maria Cantwell,Frank Lautenberg,Mark Pryor,Claire McCaskill,Amy Klobuchar,Daniel Inouye,Kay Bailey Hutchison,Olympia Snowe,John Ensign,Jim DeMint,David Vitter,John Thune,Roger Wicker
"Senate Committee on Commerce, Science, and Transportation/Subcommittee on Surface Transportation and Merchant Marine Infrastructure, Safety, and Security",SSCM_sur,Frank Lautenberg,Jay Rockefeller,John Kerry,Byron Dorgan,Maria Cantwell,Mark Pryor,Claire McCaskill,Amy Klobuchar,Daniel Inouye,Kay Bailey Hutchison,Olympia Snowe,Jim DeMint,David Vitter,John Thune,Roger Wicker
"Senate Committee on Commerce, Science, and Transportation/Subcommittee on Space, Aeronautics, and Related Agencies",SSCM_spc,Bill Nelson,John Kerry,Byron Dorgan,Mark Pryor,Daniel Inouye,David Vitter,Roger Wicker
"Senate Committee on Commerce, Science, and Transportation/Subcommittee on Oceans, Atmosphere, Fisheries, and Coast Guard",SSCM_oce,Maria Cantwell,John Kerry,Barbara Boxer,Bill Nelson,Frank Lautenberg,Amy Klobuchar,Daniel Inouye,Olympia Snowe,Jim DeMint,David Vitter,Roger Wicker
"Senate Committee on Commerce, Science, and Transportation/Subcommittee on Interstate Commerce, Trade, and Tourism",SSCM_itt,Byron Dorgan,Jay Rockefeller,John Kerry,Barbara Boxer,Maria Cantwell,Mark Pryor,Claire McCaskill,Daniel Inouye,Jim DeMint,Olympia Snowe,John Ensign
"Senate Committee on Commerce, Science, and Transportation/Subcommittee on Science, Technology, and Innovation",SSCM_sti,John Kerry,Jay Rockefeller,Byron Dorgan,Barbara Boxer,Maria Cantwell,Mark Pryor,Claire McCaskill,Amy Klobuchar,Daniel Inouye,John Ensign,Kay Bailey Hutchison,Jim DeMint,John Thune
"Senate Committee on Commerce, Science, and Transportation/Subcommittee on Consumer Affairs, Insurance, and Automotive Safety",SSCM_caf,Mark Pryor,Jay Rockefeller,Bill Nelson,Maria Cantwell,Frank Lautenberg,Claire McCaskill,Amy Klobuchar,Daniel Inouye,Olympia Snowe,David Vitter,John Thune,Roger Wicker
Senate Committee on the Budget,SSBU,Kent Conrad,Patty Murray,Ron Wyden,Russell Feingold,Robert Byrd,Bill Nelson,Debbie Stabenow,Bob Menendez,Ben Cardin,Bernie Sanders,Sheldon Whitehouse,Mark Warner,Jeff Merkley,Judd Gregg,Chuck Grassley,Michael Enzi,Jeff Sessions,Jim Bunning,Mike Crapo,John Ensign,John Cornyn,Lindsey Graham,Lamar Alexander
Senate Commmittee on the Judiciary,SSJU,Patrick Leahy,Herb Kohl,Dianne Feinstein,Russell Feingold,Charles Schumer,Richard Durbin,Ben Cardin,Sheldon Whitehouse,Ron Wyden,Amy Klobuchar,Edward Kaufman,Arlen Specter,Orrin Hatch,Chuck Grassley,Jon Kyl,Jeff Sessions,Lindsey Graham,John Cornyn,Tom Coburn
Senate Commmittee on the Judiciary/Subcommittee on Administrative Oversight and the Courts,SSJU_osi,Sheldon Whitehouse,Dianne Feinstein,Russell Feingold,Charles Schumer,Ben Cardin,Edward Kaufman,Jeff Sessions,Chuck Grassley,Jon Kyl,Lindsey Graham
"Senate Commmittee on the Judiciary/Subcommittee on Antitrust, Competition Policy and Consumer Rights",SSJU_acc,Herb Kohl,Charles Schumer,Sheldon Whitehouse,Ron Wyden,Amy Klobuchar,Edward Kaufman,Orrin Hatch,Arlen Specter,Chuck Grassley,John Cornyn
Senate Commmittee on the Judiciary/Subcommittee on Crime and Drugs,SSJU_cri,Richard Durbin,Herb Kohl,Dianne Feinstein,Russell Feingold,Charles Schumer,Ben Cardin,Amy Klobuchar,Edward Kaufman,Lindsey Graham,Arlen Specter,Orrin Hatch,Chuck Grassley,Jeff Sessions,Tom Coburn
"Senate Commmittee on the Judiciary/Subcommittee on Immigration, Refugees and Border Security",SSJU_imi,Charles Schumer,Patrick Leahy,Dianne Feinstein,Richard Durbin,Sheldon Whitehouse,Ron Wyden,John Cornyn,Chuck Grassley,Jon Kyl,Jeff Sessions
Senate Commmittee on the Judiciary/Subcommittee on Terrorism and Homeland Security,SSJU_ter,Ben Cardin,Herb Kohl,Dianne Feinstein,Charles Schumer,Richard Durbin,Ron Wyden,Edward Kaufman,Jon Kyl,Orrin Hatch,Jeff Sessions,John Cornyn,Tom Coburn
Senate Commmittee on the Judiciary/Subcommittee on the Constitution,SSJU_con,Russell Feingold,Dianne Feinstein,Richard Durbin,Ben Cardin,Sheldon Whitehouse,Edward Kaufman,Tom Coburn,Arlen Specter,Lindsey Graham,John Cornyn
Senate Committee on Rules and Administration,SSRA,Charles Schumer,Chris Dodd,Robert Byrd,Daniel Inouye,Dianne Feinstein,Richard Durbin,Ben Nelson,Patty Murray,Mark Pryor,Tom Udall,Mark Warner,Robert Bennett,Mitch McConnell,Thad Cochran,Saxby Chambliss,Kay Bailey Hutchison,Lamar Alexander,Pat Roberts,John Ensign
Senate Committee on Small Business and Entrepreneurship,SSSB,Mary Landrieu,John Kerry,Carl Levin,Tom Harkin,Joseph I. Lieberman,Maria Cantwell,Evan Bayh,Mark Pryor,Ben Cardin,Jeanne Shaheen,Kay Hagan,Olympia Snowe,Christopher S. Bond,David Vitter,John Thune,Michael B. Enzi,Johnny Isakson,Roger Wicker
Senate Committee on Veterans' Affairs ,SSVA,Daniel Akaka,John D. Rockefeller,Patty Murray,Bernard Sanders,Sherrod Brown,Jim Webb,Jon Tester,Mark Begich,Roland Burris,Richard Burr,Arlen Specter,Johnny Isakson,Roger Wicker,Mike Johanns,Lindsey Graham
Senate Special Committee on Aging,SPAG,Herb Kohl,Ron Wyden,Blanche Lincoln,Evan Bayh,Bill Nelson,Bob Casey,Claire McCaskill,Sheldon Whitehouse,Mark Udall,Kirsten Gillibrand ,Michael Bennet,Mel Martinez,Richard Shelby ,Susan Collins,Arlen Specter ,Bob Corker ,Orrin Hatch ,Sam Brownback ,Lindsey Graham
Senate Select Committee on Intelligence,SLIN,Dianne Feinstein,John D. Rockefeller,Ron Wyden,Evan Bayh,Barbara Mikulski,Russell Feingold,Bill Nelson,Sheldon Whitehouse,Christopher S. Bond,Orrin Hatch,Olympia Snowe,Saxby Chambliss,Richard Burr,Tom Coburn,James Risch
Joint Economic Committee,JSEC,Charles Schumer,Edward Kennedy ,Jeff Bingaman,Amy Klobuchar,Robert Casey ,Jim Webb,Sam Brownback ,Jim DeMint,James Risch ,Robert Bennett,Carolyn Maloney,Maurice Hinchey,Baron Hill,Loretta Sanchez,Elijah Cummings,Vic Snyder  ,Kevin Brady,Ron Paul,Michael Burgess,John Campbell
Joint Committee on the Library,JSLC,Charles Schumer,Christopher Dodd,Richard Durbin,Robert Bennett,Thad Cochran
Joint Committee on Taxation,JSTX,Max Baucus,John D. Rockefeller ,Kent Conrad,Chuck Grassley,Orrin Hatch,Charles Rangel,Pete Stark,Sander M. Levin,Dave Camp,Wally Herger
Joint Committee on Printing,JSPR,Charles Schumer,Patty Murray,Tom Udall,Robert Bennett,Saxby Chambliss
Senate Committee on Indian Affairs,SLIA,Byron Dorgan,Daniel Inouye,Kent Conrad,Daniel Akaka,Tim Johnson,Maria Cantwell,Jon Tester,Tom Udall,John Barrasso,John McCain,Lisa Murkowski,Tom Coburn,Mike Crapo,Mike Johanns